fiscal_yr;online_e2e_count;high_volume_service_count;dr2467_score;hvte_services_count_meeting_target;hvte_services_count;dr2468_score;hv_online_applications;hv_total_applications;dr2469_score
2018-2019;32;88;36.36363636363637;54;126;42.857142857142854;183172998.0;375468932.0;48.78512771330971
2019-2020;43;100;43.0;65;135;48.148148148148145;167916288.0;332890936.0;50.44183239642187
2020-2021;53;93;56.98924731182796;59;131;45.038167938931295;214391664.0;265063800.0;80.88304174315768
2021-2022;65;107;60.747663551401864;56;142;39.436619718309856;196470237.0;276925384.0;70.94699451603901
2022-2023;53;100;53.0;68;125;54.400000000000006;269060992.0;403844178.0;66.6249525578155
2023-2024;53;98;54.08163265306123;65;128;50.78125;266174489.0;405902576.0;65.57595461034965

Timestamp:2025-03-06_16:16:47
