fiscal_yr;hv_online_e2e_count;hv_service_count;dr2467_score;hvte_services_count_meeting_standard;hvte_services_count;dr2468_score;hv_online_applications;hv_total_applications;dr2469_score;service_with_feedback_count;service_count;service_with_feedback_percentage
2018-2019;27;81;33.33333333333333;52;117;44.44444444444444;174084074.0;366330872.0;47.52099462695571;1058;1244;85.04823151125403
2019-2020;39;92;42.391304347826086;62;126;49.2063492063492;156158119.0;321080280.0;48.63522574478881;1181;1282;92.12168486739469
2020-2021;48;86;55.81395348837209;56;123;45.52845528455284;201971480.0;252580438.0;79.96323135681632;1315;1426;92.21598877980365
2021-2022;58;99;58.58585858585859;53;134;39.55223880597015;195452796.0;266779201.0;73.26388086753435;1437;1610;89.25465838509317
2022-2023;47;92;51.08695652173913;63;116;54.310344827586206;267912629.0;392081427.0;68.3308645986947;1539;1690;91.06508875739645
2023-2024;49;91;53.84615384615385;62;119;52.10084033613446;254164732.0;392849966.0;64.69765915672754;1579;1716;92.01631701631702
2024-2025;53;97;54.63917525773196;65;124;52.41935483870967;212622779.0;357775086.0;59.42917417117188;1511;1662;90.91456077015644

Timestamp:2026-02-10_10:41:28
