fiscal_yr;hv_online_e2e_count;hv_service_count;dr2467_score;hvte_services_count_meeting_standard;hvte_services_count;dr2468_score;hv_online_applications;hv_total_applications;dr2469_score
2018-2019;27;81;33.33333333333333;52;117;44.44444444444444;174084074.0;366330872.0;47.52099462695571
2019-2020;39;92;42.391304347826086;62;126;49.2063492063492;156158119.0;321080280.0;48.63522574478881
2020-2021;48;86;55.81395348837209;56;123;45.52845528455284;201971480.0;252580438.0;79.96323135681632
2021-2022;58;99;58.58585858585859;53;134;39.55223880597015;195452796.0;266779201.0;73.26388086753435
2022-2023;47;92;51.08695652173913;63;116;54.310344827586206;267912629.0;392081427.0;68.3308645986947
2023-2024;48;90;53.333333333333336;61;117;52.13675213675214;254219380.0;393465336.0;64.61036252504846

Timestamp:2025-09-23_09:18:44
